<?xml version="1.0"?>
<doc>
    <assembly>
        <name>SadConsole.Ansi.Windows</name>
    </assembly>
    <members>
        <member name="M:SadConsole.Ansi.State.#ctor">
            <summary>
            Creates a new object to track the state of the ansi cursor.
            </summary>
        </member>
        <member name="M:SadConsole.Ansi.State.AnsiCorrectPrintColor">
            <summary>
            Forces the Background of the print appearance to be the darkened color and the foreground to be bright or not based on the <see cref="!:Attribute_Bold"/> property.
            </summary>
        </member>
        <member name="M:SadConsole.Ansi.State.AnsiResetVideo">
            <summary>
            Resets all of the print appearance and ansi settings back to the default.
            </summary>
        </member>
        <member name="M:SadConsole.Ansi.AnsiWriter.AnsiInterpret(System.String)">
            <summary>
            Interprets an individual ansi code.
            </summary>
            <param name="code">The ANSI.SYS code to read.</param>
        </member>
        <member name="M:SadConsole.Ansi.AnsiWriter.AnsiReadLine(System.String,System.Boolean)">
            <summary>
            Reads a line of ANSI.SYS code.
            </summary>
            <param name="line">The line to read.</param>
            <returns>Returns false when character 26 is encountered; otherwise true.</returns>
        </member>
        <member name="M:SadConsole.Ansi.AnsiWriter.ReadEntireDocument">
            <summary>
            Loads an ansi file and parses it.
            </summary>
            <param name="path">The paath to the ansi file.</param>
        </member>
        <member name="M:SadConsole.Ansi.Helpers.AnsiJustNormalColor(Microsoft.Xna.Framework.Color)">
            <summary>
            Returns the a normal, dark, ansi color based on the ansi color provided.
            </summary>
            <param name="input">An ansi color.</param>
            <returns>The adjusted color.</returns>
            <remarks>If the color provided is not an ansi color, dark or light, the passed in color will be returned.</remarks>
        </member>
        <member name="M:SadConsole.Ansi.Helpers.AnsiAdjustColor(Microsoft.Xna.Framework.Color,System.Boolean)">
            <summary>
            Adjusts the provided color based on the <see cref="!:Attribute_Bold"/> value.
            </summary>
            <param name="input">The ansi color to adjust.</param>
            <returns>The adjusted color.</returns>
            <remarks>If the color provided is not an ansi color, dark or light, the passed in color will be returned.</remarks>
        </member>
        <member name="M:SadConsole.Ansi.Helpers.AnsiConfigurePrintColor(System.Boolean,System.Int32,SadConsole.Ansi.State)">
            <summary>
            Sets the print appearance of the cursor based on the ANSI.SYS code provided.
            </summary>
            <param name="isBackground">When true, changes the background color instead of the foreground.</param>
            <param name="code">The 0-7 color code.</param>
        </member>
    </members>
</doc>
